{
  "0.1": {
    "homophily_assuming": {
      "GCN": {
        "f1_mean": 1.0,
        "f1_std": 0.0,
        "auroc_mean": 1.0,
        "auroc_std": 0.0
      },
      "GraphSAGE": {
        "f1_mean": 0.9848484848484849,
        "f1_std": 0.033879817840905914,
        "auroc_mean": 1.0,
        "auroc_std": 0.0
      },
      "GAT": {
        "f1_mean": 0.680074555074555,
        "f1_std": 0.32061003194388743,
        "auroc_mean": 0.9976804163507843,
        "auroc_std": 0.0017000950490913672
      }
    },
    "heterophily_aware": {
      "H2GCN": {
        "f1_mean": 0.8790849673202614,
        "f1_std": 0.17005651738102692,
        "auroc_mean": 0.9988981874098254,
        "auroc_std": 0.0015666815658495464
      },
      "FAGCN": {
        "f1_mean": 0.0170294165675228,
        "f1_std": 0.018182012054917828,
        "auroc_mean": 0.5436569135764808,
        "auroc_std": 0.10198080063615185
      },
      "GPR-GNN": {
        "f1_mean": 0.8560606060606061,
        "f1_std": 0.20733230580915166,
        "auroc_mean": 0.998026371042244,
        "auroc_std": 0.004084474339305135
      },
      "LINKX": {
        "f1_mean": 0.47525676937441647,
        "f1_std": 0.21163397539373965,
        "auroc_mean": 0.910409240372227,
        "auroc_std": 0.08160523893855345
      }
    }
  },
  "0.2": {
    "homophily_assuming": {
      "GCN": {
        "f1_mean": 0.981424148606811,
        "f1_std": 0.026330961449273646,
        "auroc_mean": 0.9999580078945159,
        "auroc_std": 9.389720238094059e-05
      },
      "GraphSAGE": {
        "f1_mean": 0.9760765550239235,
        "f1_std": 0.03559156874708358,
        "auroc_mean": 1.0,
        "auroc_std": 0.0
      },
      "GAT": {
        "f1_mean": 0.7351455733808675,
        "f1_std": 0.35180065059405813,
        "auroc_mean": 0.9862469828766361,
        "auroc_std": 0.023271046283339283
      }
    },
    "heterophily_aware": {
      "H2GCN": {
        "f1_mean": 0.7900326797385621,
        "f1_std": 0.12681043999910946,
        "auroc_mean": 0.9936426211961837,
        "auroc_std": 0.008337900409314656
      },
      "FAGCN": {
        "f1_mean": 0.007325683077698915,
        "f1_std": 0.010362581402653673,
        "auroc_mean": 0.5874182425004547,
        "auroc_std": 0.100140339195615
      },
      "GPR-GNN": {
        "f1_mean": 0.942577030812325,
        "f1_std": 0.10432998636674337,
        "auroc_mean": 1.0,
        "auroc_std": 0.0
      },
      "LINKX": {
        "f1_mean": 0.2858974358974359,
        "f1_std": 0.23744268141164096,
        "auroc_mean": 0.8321430548635331,
        "auroc_std": 0.14191534654809596
      }
    }
  },
  "0.3": {
    "homophily_assuming": {
      "GCN": {
        "f1_mean": 0.6274751818230079,
        "f1_std": 0.2933913529236655,
        "auroc_mean": 0.992021499958008,
        "auroc_std": 0.01264011202160021
      },
      "GraphSAGE": {
        "f1_mean": 0.7747177658942365,
        "f1_std": 0.2178308164393016,
        "auroc_mean": 0.9964988564212707,
        "auroc_std": 0.004614088108225088
      },
      "GAT": {
        "f1_mean": 0.519741532976827,
        "f1_std": 0.40752325128288175,
        "auroc_mean": 0.9786860689024542,
        "auroc_std": 0.040590133886655576
      }
    },
    "heterophily_aware": {
      "H2GCN": {
        "f1_mean": 0.8190864862691488,
        "f1_std": 0.13492469673790303,
        "auroc_mean": 0.9975243864915727,
        "auroc_std": 0.003334546424696907
      },
      "FAGCN": {
        "f1_mean": 0.03132566877278852,
        "f1_std": 0.007760684065536718,
        "auroc_mean": 0.5031361323802066,
        "auroc_std": 0.059388173028010284
      },
      "GPR-GNN": {
        "f1_mean": 0.7684546615581098,
        "f1_std": 0.34021475944271595,
        "auroc_mean": 0.9452835145019644,
        "auroc_std": 0.12055389095049325
      },
      "LINKX": {
        "f1_mean": 0.22913343965975544,
        "f1_std": 0.11854084793132617,
        "auroc_mean": 0.8485173585572191,
        "auroc_std": 0.07656902634354865
      }
    }
  },
  "0.4": {
    "homophily_assuming": {
      "GCN": {
        "f1_mean": 0.7114645418993245,
        "f1_std": 0.24913355532614978,
        "auroc_mean": 0.9898506022571792,
        "auroc_std": 0.01974533040910793
      },
      "GraphSAGE": {
        "f1_mean": 0.9367247031720716,
        "f1_std": 0.0499710679506676,
        "auroc_mean": 0.9950449315528681,
        "auroc_std": 0.007703691808494932
      },
      "GAT": {
        "f1_mean": 0.45652958152958156,
        "f1_std": 0.3169218610910421,
        "auroc_mean": 0.9773681570286309,
        "auroc_std": 0.019669800350703818
      }
    },
    "heterophily_aware": {
      "H2GCN": {
        "f1_mean": 0.6000329380764163,
        "f1_std": 0.2689628307900759,
        "auroc_mean": 0.9268041446773029,
        "auroc_std": 0.1387433430522062
      },
      "FAGCN": {
        "f1_mean": 0.03264100370245621,
        "f1_std": 0.023685581205842028,
        "auroc_mean": 0.524324030669678,
        "auroc_std": 0.10206401387801335
      },
      "GPR-GNN": {
        "f1_mean": 0.5189198486412109,
        "f1_std": 0.4810821191616893,
        "auroc_mean": 0.6253464348702443,
        "auroc_std": 0.39490827207810114
      },
      "LINKX": {
        "f1_mean": 0.08134920634920634,
        "f1_std": 0.09632727058681236,
        "auroc_mean": 0.7557297192253417,
        "auroc_std": 0.06863496471938922
      }
    }
  },
  "0.5": {
    "homophily_assuming": {
      "GCN": {
        "f1_mean": 0.4749103942652329,
        "f1_std": 0.3254156584725947,
        "auroc_mean": 0.8200950302060702,
        "auroc_std": 0.3669003722840994
      },
      "GraphSAGE": {
        "f1_mean": 0.8501506290979975,
        "f1_std": 0.09319156908384779,
        "auroc_mean": 0.9891240258490596,
        "auroc_std": 0.016848847322321878
      },
      "GAT": {
        "f1_mean": 0.2518082788671024,
        "f1_std": 0.2892406268351306,
        "auroc_mean": 0.9356063302251642,
        "auroc_std": 0.09428023309346945
      }
    },
    "heterophily_aware": {
      "H2GCN": {
        "f1_mean": 0.712371914577797,
        "f1_std": 0.21187084031440745,
        "auroc_mean": 0.9938641436755183,
        "auroc_std": 0.008029744966531575
      },
      "FAGCN": {
        "f1_mean": 0.02825526248244518,
        "f1_std": 0.011743159148252203,
        "auroc_mean": 0.5313710215304636,
        "auroc_std": 0.08817139244208111
      },
      "GPR-GNN": {
        "f1_mean": 0.003654970760233918,
        "f1_std": 0.008172763075657126,
        "auroc_mean": 0.0005979073243647252,
        "auroc_std": 0.0013369614215245416
      },
      "LINKX": {
        "f1_mean": 0.07741657510204303,
        "f1_std": 0.09372776520762682,
        "auroc_mean": 0.5874050046304299,
        "auroc_std": 0.12795179442391208
      }
    }
  }
}