{
  "tofm_microstructure": {
    "classification": {
      "accuracy": 0.3477215823735603,
      "precision_per_class": [
        0.3686824845678995,
        0.24949177601182315,
        0.37316176470587253
      ],
      "recall_per_class": [
        0.6899819494584776,
        0.1767709833704311,
        0.12644598683039573
      ],
      "f1_per_class": [
        0.48057581086735074,
        0.2069282648196311,
        0.18888741189891772
      ],
      "macro_precision": 0.3304453417618651,
      "macro_recall": 0.3310663065531015,
      "macro_f1": 0.29213049586196654,
      "cohens_kappa": -0.003190981064545184,
      "confusion_matrix": [
        [
          7645,
          2067,
          1368
        ],
        [
          5268,
          1350,
          1019
        ],
        [
          7823,
          1994,
          1421
        ]
      ]
    },
    "financial": {
      "sharpe_ratio": 0.5369974380528324,
      "max_drawdown": 0.015989534205834946,
      "max_drawdown_pct": 3.1809356039667738,
      "hit_rate": 0.5016704693611473,
      "total_return": 0.0005438927890415208,
      "profit_factor": 1.000553304650277,
      "n_trades": 24544,
      "cumulative_pnl": [
        -2.931686478407255e-05,
        -0.0003287551828915198,
        -0.0010269866281772879,
        -0.0012935980499232103,
        -0.0015618478882269689,
        -0.0015226810727073082,
        -0.0022280556436015267,
        -0.0027431427332232556,
        -0.0024273676113819964,
        -0.0032758038692520326,
        -0.0030910426638529396,
        -0.003578808370370616,
        -0.002992295777877978,
        -0.0030417789727480286,
        -0.0033635931438009553,
        -0.0024739956656823405,
        -0.000918591623185417,
        -0.0024309437723279625,
        -0.0038935124384324726,
        -0.00475399096198742,
        -0.004506429432681794,
        -0.004778018054893286,
        -0.006045324267014469,
        -0.006683935967487501,
        -0.006836834660078797,
        -0.005876751125498636,
        -0.005071026374010631,
        -0.004100848561051656,
        -0.004040793576471899,
        -0.004604851212155302,
        -0.004322247817179625,
        -0.004169288752437046,
        -0.005125827155765133,
        -0.005062516018732339,
        -0.004652380725059281,
        -0.005279987681046608,
        -0.0056034453310350625,
        -0.005481877960056846,
        -0.005613944951269492,
        -0.006032491694100385,
        -0.005328433389181462,
        -0.005221467825501703,
        -0.004572505359810145,
        -0.0039874400360383816,
        -0.003571982765630554,
        -0.003229228179274134,
        -0.003470512877425387,
        -0.003915830979723521,
        -0.003614001426242027,
        -0.0031345051791039943,
        -0.003959169610951205,
        -0.0033731264823768123,
        -0.002809450473115877,
        -0.0031545980470166967,
        -0.003490202315283953,
        -0.0037713484756504417,
        -0.00341611957397765,
        -0.002343513020884156,
        -0.002365104969248554,
        -0.003434353985793226,
        -0.0032692844286138427,
        -0.002895374525821238,
        -0.0034410124304545377,
        -0.0032533720320499096,
        -0.0036903111121136217,
        -0.004457361692569179,
        -0.004466779620448511,
        -0.0040295684841519,
        -0.0028580529755429574,
        -0.0033086974344333614,
        -0.004180528635308908,
        -0.00400963346358788,
        -0.005153633174158777,
        -0.0046485189074396424,
        -0.004444699201148048,
        -0.004584638077461514,
        -0.004418537612918562,
        -0.004206971912171591,
        -0.0046663446132568735,
        -0.004461654829985406,
        -0.00470379571963618,
        -0.004335760780049012,
        -0.005182966173042644,
        -0.0056103361111520846,
        -0.005145281141442198,
        -0.004969254489088376,
        -0.004534325408523069,
        -0.004906603515798289,
        -0.004669026644849691,
        -0.004480714782873507,
        -0.003271890149981053,
        -0.003753322996403116,
        -0.0038043970541948393,
        -0.002613244636511652,
        -0.0019031146418607495,
        -0.002203152214394005,
        -0.0026141308507917045,
        -0.002635278546317446,
        -0.0024582275375959347,
        -0.0019740803122825245,
        -0.002776745144689743,
        -0.0026960988172899138,
        -0.0027991969045596385,
        -0.0031685007786397337,
        -0.003701520439459368,
        -0.004795793457974669,
        -0.005412252463795181,
        -0.0054901821535867455,
        -0.004932428298969125,
        -0.00525495505837262,
        -0.005011916427633159,
        -0.0062899475902964425,
        -0.005977655741266939,
        -0.006154380666303155,
        -0.005760755877221108,
        -0.005883978442018082,
        -0.005832935564125786,
        -0.005788966822642539,
        -0.004819503289956705,
        -0.005086625051452944,
        -0.0038600304456021836,
        -0.004873035973558399,
        -0.004735375169123081,
        -0.0056317976152599316,
        -0.004812276873611302,
        -0.0035869468043905626,
        -0.0033527124453534337,
        -0.003349938787662912,
        -0.0042984757203009495,
        -0.00485598928831028,
        -0.0057472506623618535,
        -0.005125232006586179,
        -0.005488520557928078,
        -0.0062957898721296545,
        -0.006403053624541957,
        -0.007178659166487386,
        -0.007685403827224195,
        -0.006916313558240179,
        -0.007804130167250916,
        -0.008743343728638789,
        -0.007810003027414118,
        -0.007546014285656208,
        -0.008731842047796173,
        -0.008516280149394881,
        -0.008417872012294436,
        -0.009158279237472727,
        -0.008168171125572542,
        -0.007369635576196408,
        -0.007663828437048317,
        -0.007996160076972732,
        -0.008685335290763008,
        -0.008999595539728093,
        -0.008839793864991577,
        -0.010209772535933238,
        -0.010047418513575091,
        -0.010367402184294362,
        -0.010635466391682715,
        -0.01140375141683843,
        -0.010921895115316523,
        -0.011271224887605269,
        -0.010494768523093735,
        -0.010106271101774113,
        -0.010105299646989984,
        -0.010258465919348812,
        -0.011111071780979542,
        -0.010298488181250495,
        -0.009167331365562727,
        -0.009311087693929182,
        -0.008423852099835222,
        -0.00819859193518469,
        -0.007326296622282943,
        -0.008891754198746979,
        -0.008407175424847183,
        -0.008702187221865032,
        -0.007854919120648715,
        -0.008206672008648889,
        -0.007758669943569681,
        -0.006091480346989289,
        -0.005449719490816657,
        -0.006611095721764986,
        -0.007840291275034635,
        -0.008067731563857695,
        -0.007328970333591582,
        -0.007758481805771984,
        -0.008170680175683388,
        -0.008146182852239881,
        -0.008152633603044907,
        -0.008708230756225356,
        -0.009567364521671687,
        -0.010258137631586268,
        -0.010785711665574491,
        -0.01035837909336678,
        -0.010133118420964798,
        -0.010021081837157587,
        -0.010295365469589014,
        -0.009319455456001215,
        -0.009703634015919591,
        -0.00843008106272069,
        -0.008092767329422263,
        -0.00784847756711306,
        -0.008058063076934689,
        -0.006894465019444719,
        -0.006396499474657186,
        -0.006697886404044664,
        -0.0073385690278369746,
        -0.006186934103944544,
        -0.006895426025835804,
        -0.00692278055730802,
        -0.007051783249861587,
        -0.00717452944516491,
        -0.0071503706505005905,
        -0.005848341406588059,
        -0.005642510283676422,
        -0.00660488514620619,
        -0.007382335109512799,
        -0.007080924651588626,
        -0.006974637265116276,
        -0.006864331987542473,
