{
  "feature_mean": [
    0.0009792042232158495,
    0.2938769749964118,
    0.0001825799131358904,
    -0.0002351276014640321,
    0.02262691701804338,
    0.10446615429695151,
    0.0014220682054840502,
    0.006008603441813643,
    0.0009892131793298334,
    1000.8967354381265,
    739.2393159531266,
    549.1065898945628,
    405.1276164471023,
    300.5604369582372,
    224.34590542499578,
    164.6120371779848,
    122.69433338294021,
    90.62439799041175,
    67.57319545414856,
    1004.5325008145306,
    739.0929210306485,
    549.0916530078334,
    406.11323943749073,
    301.15343296989374,
    222.99741426535184,
    165.61776043037855,
    122.49439325029051,
    90.36885568865762,
    67.1305944467516
  ],
  "feature_std": [
    0.8153859702476106,
    2099.031495038897,
    0.031747521713184505,
    0.11694085158346719,
    0.012030356347729533,
    0.021743633530837546,
    0.0015727829371893155,
    0.30783194110740947,
    7.453545472732179e-05,
    1001.1377919335421,
    736.9871405449621,
    549.9649678235282,
    406.47525343336014,
    300.94449304061357,
    224.3848924231801,
    164.8710045973305,
    122.79532094393913,
    90.65167946501029,
    67.63175162638473,
    1007.2083930669743,
    740.0069183784505,
    547.6083400304477,
    405.58019631063513,
    300.4560143432955,
    222.3219211730382,
    165.13682094415154,
    122.23021891026016,
    90.6434920376964,
    67.16028448020002
  ],
  "d_input": 29,
  "d_raw": 41,
  "T": 100,
  "L": 10,
  "n_classes": 3,
  "feature_names": [
    "OFI",
    "VOI",
    "TI",
    "VPP",
    "spread",
    "kyle_lambda",
    "adverse_selection",
    "inventory",
    "RV",
    "bid_qty_1",
    "bid_qty_2",
    "bid_qty_3",
    "bid_qty_4",
    "bid_qty_5",
    "bid_qty_6",
    "bid_qty_7",
    "bid_qty_8",
    "bid_qty_9",
    "bid_qty_10",
    "ask_qty_1",
    "ask_qty_2",
    "ask_qty_3",
    "ask_qty_4",
    "ask_qty_5",
    "ask_qty_6",
    "ask_qty_7",
    "ask_qty_8",
    "ask_qty_9",
    "ask_qty_10"
  ],
  "config": {
    "L": 10,
    "T": 100,
    "H_idx": 0,
    "train_ratio": 0.7,
    "val_ratio": 0.15,
    "window": 100
  }
}