{
  "train_loss": [
    1.1607660338473276,
    1.1035876535628353,
    1.1009729048015866,
    1.0989985574969863,
    1.0964726148619295,
    1.092300429640566,
    1.0859111510421502,
    1.0748695605851615,
    1.0604697380902781,
    1.0425372134614905,
    1.0222250031378848,
    1.0012562872068973,
    0.9809095151245703
  ],
  "val_loss": [
    1.0988274489418934,
    1.0990628711247847,
    1.0985823607040663,
    1.0997024168402463,
    1.1006242016614494,
    1.1051811767836748,
    1.109799726534698,
    1.1195479601116505,
    1.1353370971598868,
    1.156009214409327,
    1.197679789389594,
    1.2243116750555523,
    1.2559155650058036
  ],
  "val_accuracy": [
    0.29467534635286263,
    0.3217826740110165,
    0.3544316474712068,
    0.328893340010015,
    0.3544984142880988,
    0.35095977299282255,
    0.3731263562009681,
    0.3699883158070439,
    0.3525287931897847,
    0.3541645802036388,
    0.3512268402603906,
    0.3582707394424971,
    0.3559672842597229
  ],
  "val_f1": [
    0.2784823935468916,
    0.28807126731414817,
    0.32463410194881664,
    0.32608929386308366,
    0.33160661814153297,
    0.33139287066516115,
    0.3194855649641259,
    0.3165989631815543,
    0.33780648894502247,
    0.3339953232018624,
    0.3276479286774092,
    0.32747134606852696,
    0.32681916051471527
  ],
  "learning_rate": [
    9.999924471426275e-05,
    9.987940904715147e-05,
    9.955552962768544e-05,
    9.902893269218416e-05,
    9.830177457396068e-05,
    9.737703287346895e-05,
    9.625849426548867e-05,
    9.49507389932756e-05,
    9.345912211317107e-05,
    9.178975156647148e-05,
    8.994946316834964e-05,
    8.794579261624507e-05,
    8.578694463234397e-05
  ],
  "epoch_time": [
    14.717200994491577,
    12.653538703918457,
    12.661211729049683,
    13.68194317817688,
    12.766788959503174,
    12.930063724517822,
    12.788846254348755,
    13.40736699104309,
    13.08535122871399,
    13.598437070846558,
    13.650396823883057,
    15.79152226448059,
    16.080522060394287
  ]
}