{
  "train_loss": [
    1.1809381261822074,
    1.1138070629981143,
    1.0864487886428833,
    1.049313502512205,
    0.9788090588841621,
    0.8832589399879985,
    0.7862031307255328,
    0.7008881076380366,
    0.62773556977347,
    0.5668832623217616,
    0.5140408721549855
  ],
  "val_loss": [
    1.0986365807258476,
    1.101445081880537,
    1.1116649255914204,
    1.137963088892274,
    1.1785233677443812,
    1.2480733435032731,
    1.335185553057719,
    1.4221804758249703,
    1.5121805172855571,
    1.615907372054407,
    1.744349424111641
  ],
  "val_accuracy": [
    0.33453513603738944,
    0.3473543648806543,
    0.33944249707895174,
    0.33920881321982976,
    0.3367384409948256,
    0.33637122350191956,
    0.3361375396427975,
    0.3387414455015857,
    0.3413119679519279,
    0.343348355867134,
    0.3459856451343682
  ],
  "val_f1": [
    0.3258595152393276,
    0.33402289093182863,
    0.33465534211728326,
    0.3340984909298541,
    0.3342541876364033,
    0.332280074200667,
    0.33118581924865337,
    0.3331255629308025,
    0.3352006030027203,
    0.3342742318079129,
    0.33360218200815644
  ],
  "learning_rate": [
    9.999924471426275e-05,
    9.987940904715147e-05,
    9.955552962768544e-05,
    9.902893269218416e-05,
    9.830177457396068e-05,
    9.737703287346895e-05,
    9.625849426548867e-05,
    9.49507389932756e-05,
    9.345912211317107e-05,
    9.178975156647148e-05,
    8.994946316834964e-05
  ],
  "epoch_time": [
    6.197564125061035,
    4.0737059116363525,
    3.877995014190674,
    3.937973976135254,
    3.873682975769043,
    3.6870639324188232,
    4.024883985519409,
    4.163923978805542,
    4.144911050796509,
    3.6604979038238525,
    4.189947843551636
  ]
}