{
  "train_loss": [
    1.2024157910285964,
    1.119655330612629,
    1.1135164235584043,
    1.1108053247061247,
    1.1087762583762244,
    1.1075811192148128,
    1.1063824026850504,
    1.1053349442194322,
    1.1045573341781085,
    1.1029887739875417,
    1.100664803053387,
    1.0967005894432555,
    1.0931763823333127
  ],
  "val_loss": [
    1.0999252523406078,
    1.0989249742637246,
    1.0986921484187497,
    1.0988164715847726,
    1.0987547484494873,
    1.0991087363938155,
    1.0990439875651214,
    1.098954961461536,
    1.0994986134060358,
    1.1009559388888084,
    1.1036523974547952,
    1.1079884787737313,
    1.1114159569901936
  ],
  "val_accuracy": [
    0.257018861625772,
    0.37646469704556834,
    0.2901685862126523,
    0.2745117676514772,
    0.26623268235686864,
    0.28072108162243364,
    0.3116675012518778,
    0.3304623602069771,
    0.2621599065264564,
    0.31053246536471374,
    0.32689033550325486,
    0.36518110499081957,
    0.32782507093974295
  ],
  "val_f1": [
    0.16334467329117527,
    0.18625650531598203,
    0.27098168067462364,
    0.21690986072722637,
    0.20150002378147847,
    0.22185310245375345,
    0.25610365201612445,
    0.2634715988546982,
    0.1842639578073106,
    0.28124394233344163,
    0.31807947286288085,
    0.29596694202499196,
    0.30518762631225604
  ],
  "learning_rate": [
    9.999924471426275e-05,
    9.987940904715147e-05,
    9.955552962768544e-05,
    9.902893269218416e-05,
    9.830177457396068e-05,
    9.737703287346895e-05,
    9.625849426548867e-05,
    9.49507389932756e-05,
    9.345912211317107e-05,
    9.178975156647148e-05,
    8.994946316834964e-05,
    8.794579261624507e-05,
    8.578694463234397e-05
  ],
  "epoch_time": [
    79.50562000274658,
    80.57463121414185,
    79.95336198806763,
    79.33059191703796,
    74.58390235900879,
    71.76945090293884,
    76.9921326637268,
    76.35643768310547,
    73.50269913673401,
    73.60452508926392,
    72.43748688697815,
    70.73483800888062,
    71.7420220375061
  ]
}