{
  "train_loss": [
    1.2076960531841467,
    1.1159672656486415,
    1.1098144187351904,
    1.107028137831191,
    1.1051704685256512,
    1.1033451892776072,
    1.1019825013507654,
    1.1000861888393842,
    1.095409198914411,
    1.0893824351117205,
    1.0822135371307569
  ],
  "val_loss": [
    1.0984542238510262,
    1.0989752856351562,
    1.098805099220599,
    1.0985609101036848,
    1.0993919513993344,
    1.099008770312293,
    1.0997081520193714,
    1.1037934149725963,
    1.104140878733942,
    1.1114417294324455,
    1.1367849748013383
  ],
  "val_accuracy": [
    0.35957269237189116,
    0.3789684526790185,
    0.2973126356200968,
    0.27361041562343513,
    0.3558671340343849,
    0.3526289434151227,
    0.36671674177933566,
    0.36291103321649143,
    0.3689200467367718,
    0.3314972458688032,
    0.3550325488232349
  ],
  "val_f1": [
    0.308740706102222,
    0.23084143128254075,
    0.27085894964382823,
    0.22604113210032553,
    0.27594993624424885,
    0.3306128545173938,
    0.32854386658684254,
    0.3192037955215408,
    0.33536573206211,
    0.32865006453752366,
    0.304883038481723
  ],
  "learning_rate": [
    9.999924471426275e-05,
    9.987940904715147e-05,
    9.955552962768544e-05,
    9.902893269218416e-05,
    9.830177457396068e-05,
    9.737703287346895e-05,
    9.625849426548867e-05,
    9.49507389932756e-05,
    9.345912211317107e-05,
    9.178975156647148e-05,
    8.994946316834964e-05
  ],
  "epoch_time": [
    92.48572897911072,
    87.83900594711304,
    85.36243605613708,
    84.38723683357239,
    84.51253080368042,
    99.45273017883301,
    92.21271896362305,
    91.40066313743591,
    90.77498579025269,
    89.76985216140747,
    90.36030697822571
  ]
}