{
  "train_loss": [
    1.1824178227123003,
    1.1152276345537175,
    1.1100778603684531,
    1.107825509808835,
    1.1062632786072586,
    1.1050101220062925,
    1.1034249123969069,
    1.1009004610766004,
    1.0965767246713587,
    1.0895495188083684,
    1.082053394814514
  ],
  "val_loss": [
    1.0979562805870833,
    1.0985429185931965,
    1.098289103831275,
    1.0987396331156714,
    1.0989589074910697,
    1.098794689622976,
    1.0991622775287953,
    1.1033822985018713,
    1.1033906643673526,
    1.119363337250079,
    1.1336886003866034
  ],
  "val_accuracy": [
    0.29467534635286263,
    0.3174762143214822,
    0.3275246202637289,
    0.3513269904857286,
    0.34071106659989986,
    0.2841261892839259,
    0.34798864964112836,
    0.3780337172425305,
    0.35326322817559674,
    0.36084126189283927,
    0.36761809380737775
  ],
  "val_f1": [
    0.25638576126305707,
    0.28967421578542657,
    0.3274894086300253,
    0.3237194454280577,
    0.2930875526172539,
    0.24756087978465793,
    0.3367667325551687,
    0.30568660223061894,
    0.34116347396363794,
    0.3213398148507185,
    0.315202636511678
  ],
  "learning_rate": [
    9.999924471426275e-05,
    9.987940904715147e-05,
    9.955552962768544e-05,
    9.902893269218416e-05,
    9.830177457396068e-05,
    9.737703287346895e-05,
    9.625849426548867e-05,
    9.49507389932756e-05,
    9.345912211317107e-05,
    9.178975156647148e-05,
    8.994946316834964e-05
  ],
  "epoch_time": [
    71.28469395637512,
    72.2082130908966,
    70.81726098060608,
    71.25235414505005,
    69.54994106292725,
    71.89849495887756,
    74.10586309432983,
    76.55374693870544,
    72.35934686660767,
    73.10528302192688,
    71.50240683555603
  ]
}